{
  "0x100": {
    "dt_mean": 0.10054358906216092,
    "dt_std": 0.00017709018450540133,
    "byte_mean": [
      131.9264705882353,
      121.08823529411765,
      132.15441176470588,
      131.23529411764707,
      119.50735294117646,
      116.03676470588235,
      135.66176470588235,
      119.09558823529412
    ],
    "byte_std": [
      73.39514753301043,
      75.09488907191121,
      71.79975098691422,
      72.54635892679677,
      78.58378883591524,
      75.68767270653618,
      70.73773331703431,
      71.9929416952383
    ]
  }
}